Cursă: Bruxelles, Anderlecht → Chișinău
Autocar: Van Hool Altano (DAW 077)
Plecare: duminică, 12 iulie 2026 la 12:00
Ocupare: 5/54 locuri

Nr d/o;Loc;Nume, prenume;Nr telefon;Ruta;Nr rezervare;Plată;Preț
1;4, 5, 6, 7;Bufteac, Bufteac, Bufteac, Bufteac Djulieta, Iurie, Fabian, Matias;+32484606693;Bruxelles → Hîncești;DAVO-2026-NSIQ8B;Neachitat;480€
2;8;Stan Cristian;0465806007;Anderlecht → Chișinău;DAVO-2026-C22EOO;Neachitat;120€

Total pasageri: 2
Încasat: 0€;De încasat: 600€;Total: 600€